method,mean_queue,max_queue,steady_queue,spillback_rate
MAPPO,1.165354722764757,2.511029052734375,1.165354722764757,0.028388888888888887
Traffic_Opt,1.1839125464757283,2.496723175048828,1.1839125464757283,0.026902777777777775
Simple_Fixed,1.1530848861005574,2.485773213704427,1.1530848861005574,0.03079166666666667
