method,mean_queue,max_queue,steady_queue,spillback_rate
MAPPO,1.9450145447254181,3.6578837633132935,2.7612201466163,0.11131666666666665
