method,mean_queue,max_queue,steady_queue,spillback_rate
Simple_Fixed,1.9599063632786273,3.6980960369110107,2.7918386097749073,0.1179
