method,mean_queue,max_queue,steady_queue,spillback_rate
Traffic_Optimization,1.9004798187538983,3.610771059989929,2.7110091146826742,0.11954999999999999
